<?xml version="1.0" encoding="UTF-8"?>
<beans xmlns="http://www.springframework.org/schema/beans"
       xmlns:xsi="http://www.w3.org/2001/XMLSchema-instance"
       xmlns:context="http://www.springframework.org/schema/context"
       xmlns:mvc="http://www.springframework.org/schema/mvc"
       xsi:schemaLocation="
           http://www.springframework.org/schema/beans 
           http://www.springframework.org/schema/beans/spring-beans.xsd
           http://www.springframework.org/schema/context 
           http://www.springframework.org/schema/context/spring-context.xsd
           http://www.springframework.org/schema/mvc
           http://www.springframework.org/schema/mvc/spring-mvc.xsd">

    <!-- Quét toàn bộ package cần thiết -->
    <context:component-scan base-package="controller, dao, service, serviceImpl, interceptor"/>

    <!-- Bật annotation-driven cho @Controller, @RequestMapping hoạt động -->
    <mvc:annotation-driven />
    
    <!-- Static resources -->
	<mvc:resources mapping="/assets/**" location="/assets/" />

    <!-- Đăng ký Interceptor -->
    <mvc:interceptors>
        <bean class="interceptor.AuthInterceptor" />
    </mvc:interceptors>

    <!-- Cấu hình view resolver -->
    <bean class="org.springframework.web.servlet.view.InternalResourceViewResolver">
        <property name="prefix" value="/WEB-INF/views/"/>
        <property name="suffix" value=".jsp"/>
    </bean>

    <!-- DataSource -->
    <bean id="db" class="org.springframework.jdbc.datasource.DriverManagerDataSource">
        <property name="driverClassName" value="com.mysql.cj.jdbc.Driver"/>
		<property name="url" value="jdbc:mysql://localhost:3306/studentapp4?useUnicode=true&amp;characterEncoding=UTF-8&amp;useSSL=false"/>
        <property name="username" value="root"/>
        <property name="password" value="root"/>
    </bean>

    <!-- Multipart Resolver -->
    <bean id="multipartResolver" class="org.springframework.web.multipart.commons.CommonsMultipartResolver">
        <property name="maxUploadSize" value="5242880"/> <!-- 5MB -->
    </bean>

    <!-- JdbcTemplate -->
    <bean id="jt" class="org.springframework.jdbc.core.JdbcTemplate">
        <property name="dataSource" ref="db"/>
    </bean>
    
   
	    

</beans>
