<?xml version="1.0" encoding="UTF-8"?>
<beans xmlns="http://www.springframework.org/schema/beans" 
       xmlns:xsi="http://www.w3.org/2001/XMLSchema-instance" 
       xmlns:p="http://www.springframework.org/schema/p" 
       xmlns:context="http://www.springframework.org/schema/context" 
       xsi:schemaLocation="
           http://www.springframework.org/schema/beans 
           http://www.springframework.org/schema/beans/spring-beans.xsd
           http://www.springframework.org/schema/context 
           http://www.springframework.org/schema/context/spring-context.xsd">

    <context:component-scan	base-package="controller"></context:component-scan>

    <bean class="org.springframework.web.servlet.view.InternalResourceViewResolver">
        <property name="prefix" value="/WEB-INF/views/"/>
        <property name="suffix" value=".jsp"/>
    </bean>

    <bean id="db" class="org.springframework.jdbc.datasource.DriverManagerDataSource">
        <property name="driverClassName" value="com.mysql.cj.jdbc.Driver"/>
        <property name="url" value="jdbc:mysql://localhost:3306/QuanLySP"/>
        <property name="username" value="root"/>
        <property name="password" value="root"/>
    </bean>

    <bean id="jt" class="org.springframework.jdbc.core.JdbcTemplate">
        <property name="dataSource" ref="db"/>
    </bean>

    <bean id="tmd" class="dao.DaoProduct">
        <property name="template" ref="jt"/>
    </bean>
    
        
      <bean id="tmd1" class="dao.DaoCohort">
        <property name="template" ref="jt"/>
    </bean>
    

    
      <bean id="tmd4" class="dao.DaoSubject">
        <property name="template" ref="jt"/>
    </bean>
    
    <bean id="tmd2" class="dao.DaoClasses">
        <property name="template" ref="jt"/>
    </bean>
    


</beans>